{
    "rmse": 0.6787026482271493,
    "mae": 0.5337609983515178,
    "r2": 0.24974586145926858
}