{
    "rmse": 0.7018690415279651,
    "mae": 0.5454012837406923,
    "r2": 0.24036253016257347
}